[
  {
    "id": "afdabc33-8b5e-4600-b0b9-6c76808c5445",
    "data": [
      {
        "text": "can i stop my shipment?",
        "userDefined": false
      }
    ],
    "isTemplate": false,
    "count": 0,
    "lang": "en",
    "updated": 0
  },
  {
    "id": "3ff127c1-a786-4e19-ba09-8638a60f2bcd",
    "data": [
      {
        "text": "please cancel my order",
        "userDefined": false
      }
    ],
    "isTemplate": false,
    "count": 0,
    "lang": "en",
    "updated": 0
  },
  {
    "id": "291fa8df-298b-40ec-921e-f0a7de58a700",
    "data": [
      {
        "text": "can i cancel an order?",
        "userDefined": false
      }
    ],
    "isTemplate": false,
    "count": 0,
    "lang": "en",
    "updated": 0
  },
  {
    "id": "c7b149df-8586-4b06-8e88-3b75a901f499",
    "data": [
      {
        "text": "cancel my order",
        "userDefined": false
      }
    ],
    "isTemplate": false,
    "count": 0,
    "lang": "en",
    "updated": 0
  },
  {
    "id": "9b51a30d-4ef5-44d5-88cc-4f6db6ff08f1",
    "data": [
      {
        "text": "how do i cancel my order?",
        "userDefined": false
      }
    ],
    "isTemplate": false,
    "count": 0,
    "lang": "en",
    "updated": 0
  }
]