[
  {
    "id": "eface7c9-27c3-4383-93e9-b792084cb81a",
    "data": [
      {
        "text": "agent please",
        "userDefined": false
      }
    ],
    "isTemplate": false,
    "count": 0,
    "lang": "en",
    "updated": 0
  },
  {
    "id": "c261b272-d3a9-4276-ab40-53e8f36cb5ff",
    "data": [
      {
        "text": "representative",
        "userDefined": false
      }
    ],
    "isTemplate": false,
    "count": 0,
    "lang": "en",
    "updated": 0
  },
  {
    "id": "3842664b-7ee7-4946-a130-d64198cac471",
    "data": [
      {
        "text": "i want to speak to support",
        "userDefined": false
      }
    ],
    "isTemplate": false,
    "count": 0,
    "lang": "en",
    "updated": 0
  },
  {
    "id": "07112d1f-9c31-4053-a13b-52ffb92f16fe",
    "data": [
      {
        "text": "connect me to an agent",
        "userDefined": false
      }
    ],
    "isTemplate": false,
    "count": 0,
    "lang": "en",
    "updated": 0
  },
  {
    "id": "98b282ae-d81e-4f2b-8f9d-2366d7cc739b",
    "data": [
      {
        "text": "talk to a human",
        "userDefined": false
      }
    ],
    "isTemplate": false,
    "count": 0,
    "lang": "en",
    "updated": 0
  }
]