[
  {
    "id": "c1575365-4d58-4692-93b0-281c0d87a28a",
    "data": [
      {
        "text": "status of order \u003cORDER_NO\u003e",
        "userDefined": false
      }
    ],
    "isTemplate": false,
    "count": 0,
    "lang": "en",
    "updated": 0
  },
  {
    "id": "27d3d519-7752-457a-8c10-c4bdd6d1ecb0",
    "data": [
      {
        "text": "order tracking",
        "userDefined": false
      }
    ],
    "isTemplate": false,
    "count": 0,
    "lang": "en",
    "updated": 0
  },
  {
    "id": "33d18261-a5be-48c3-962e-0836441ebf3b",
    "data": [
      {
        "text": "track my parcel",
        "userDefined": false
      }
    ],
    "isTemplate": false,
    "count": 0,
    "lang": "en",
    "updated": 0
  },
  {
    "id": "418802da-e6ce-41cb-9cc9-89b2f80c2dd6",
    "data": [
      {
        "text": "check order status",
        "userDefined": false
      }
    ],
    "isTemplate": false,
    "count": 1,
    "lang": "en",
    "updated": 0
  },
  {
    "id": "66906a89-f428-40ec-a9d4-0550e9128c99",
    "data": [
      {
        "text": "check my delivery",
        "userDefined": false
      }
    ],
    "isTemplate": false,
    "count": 0,
    "lang": "en",
    "updated": 0
  },
  {
    "id": "f8b1f03d-4dcc-4679-9def-d824c44d9f4b",
    "data": [
      {
        "text": "when will my order arrive?",
        "userDefined": false
      }
    ],
    "isTemplate": false,
    "count": 0,
    "lang": "en",
    "updated": 0
  },
  {
    "id": "3eef30a8-188e-41e1-8ce3-5437e05d82a2",
    "data": [
      {
        "text": "has my order shipped?",
        "userDefined": false
      }
    ],
    "isTemplate": false,
    "count": 0,
    "lang": "en",
    "updated": 0
  },
  {
    "id": "fb4a8708-0b10-4da5-9b9c-abd7c3c40a2b",
    "data": [
      {
        "text": "whats the status of my order",
        "userDefined": false
      }
    ],
    "isTemplate": false,
    "count": 0,
    "lang": "en",
    "updated": 0
  },
  {
    "id": "57019f3d-0f9d-4734-bd43-23c8f8127aa7",
    "data": [
      {
        "text": "order status",
        "userDefined": false
      }
    ],
    "isTemplate": false,
    "count": 0,
    "lang": "en",
    "updated": 0
  },
  {
    "id": "9c2bca16-4523-4996-a23f-736974239173",
    "data": [
      {
        "text": "track order",
        "userDefined": false
      }
    ],
    "isTemplate": false,
    "count": 0,
    "lang": "en",
    "updated": 0
  },
  {
    "id": "25b34c8f-8bbb-48ec-9316-cb5ce4f0be1e",
    "data": [
      {
        "text": "track my order",
        "userDefined": false
      }
    ],
    "isTemplate": false,
    "count": 0,
    "lang": "en",
    "updated": 0
  },
  {
    "id": "7e2d69b0-6f8c-494c-95b6-901bd4ff6ef3",
    "data": [
      {
        "text": "where is my order?",
        "userDefined": false
      }
    ],
    "isTemplate": false,
    "count": 0,
    "lang": "en",
    "updated": 0
  }
]