[
  {
    "id": "77367769-838a-4856-9e6f-8a6786bfa425",
    "data": [
      {
        "text": "12345678",
        "meta": "@sys.number",
        "alias": "number",
        "userDefined": false
      }
    ],
    "isTemplate": false,
    "count": 0,
    "lang": "en",
    "updated": 0
  },
  {
    "id": "0c841617-95fc-4a78-9132-1e1f7ac89bae",
    "data": [
      {
        "text": "Order no ",
        "userDefined": false
      },
      {
        "text": "987654",
        "meta": "@sys.phone-number",
        "alias": "phone-number",
        "userDefined": false
      }
    ],
    "isTemplate": false,
    "count": 0,
    "lang": "en",
    "updated": 0
  },
  {
    "id": "fd5ec86c-132a-4873-962b-5120be3e0a91",
    "data": [
      {
        "text": "My order number is ",
        "userDefined": false
      },
      {
        "text": "12345678",
        "meta": "@sys.phone-number",
        "alias": "phone-number",
        "userDefined": false
      }
    ],
    "isTemplate": false,
    "count": 0,
    "lang": "en",
    "updated": 0
  }
]