[
  {
    "id": "96373581-587e-4048-9ecb-ada7d23f88ee",
    "data": [
      {
        "text": "can i use paypal?",
        "userDefined": false
      }
    ],
    "isTemplate": false,
    "count": 0,
    "lang": "en",
    "updated": 0
  },
  {
    "id": "bfd9ee4f-4c40-44e0-99b5-5e3764b24571",
    "data": [
      {
        "text": "payment options",
        "userDefined": false
      }
    ],
    "isTemplate": false,
    "count": 0,
    "lang": "en",
    "updated": 0
  },
  {
    "id": "77661e29-bd91-4f84-a3e9-c58b9ae6dbd9",
    "data": [
      {
        "text": "can i pay by card?",
        "userDefined": false
      }
    ],
    "isTemplate": false,
    "count": 0,
    "lang": "en",
    "updated": 0
  },
  {
    "id": "e19cc15d-c5df-4d00-83a1-113cad68c812",
    "data": [
      {
        "text": "do you accept cash on delivery?",
        "userDefined": false
      }
    ],
    "isTemplate": false,
    "count": 0,
    "lang": "en",
    "updated": 0
  },
  {
    "id": "8b6e7fbf-71e8-4e99-a2a2-d3629edde4fa",
    "data": [
      {
        "text": "do you accept UPI?",
        "userDefined": false
      }
    ],
    "isTemplate": false,
    "count": 0,
    "lang": "en",
    "updated": 0
  },
  {
    "id": "86bdb744-9554-4b86-b6e6-d05332131105",
    "data": [
      {
        "text": "what payment methods do you accept?",
        "userDefined": false
      }
    ],
    "isTemplate": false,
    "count": 0,
    "lang": "en",
    "updated": 0
  }
]