[
  {
    "id": "904c00e4-7c1a-4c9b-8e54-7e6357e5547a",
    "data": [
      {
        "text": "when will it be back in stock?",
        "userDefined": false
      }
    ],
    "isTemplate": false,
    "count": 0,
    "lang": "en",
    "updated": 0
  },
  {
    "id": "799a8e6b-fb6c-4ca8-8cb4-b668849c85e8",
    "data": [
      {
        "text": "do you have more of this?",
        "userDefined": false
      }
    ],
    "isTemplate": false,
    "count": 0,
    "lang": "en",
    "updated": 0
  },
  {
    "id": "635f5da5-0963-4be4-a0de-17eec67e7b28",
    "data": [
      {
        "text": "check stock for \u003cPRODUCT_NAME\u003e",
        "userDefined": false
      }
    ],
    "isTemplate": false,
    "count": 0,
    "lang": "en",
    "updated": 0
  },
  {
    "id": "00b001cf-3e51-4ce4-a0e8-f18b5fa9d22e",
    "data": [
      {
        "text": "is this item in stock?",
        "userDefined": false
      }
    ],
    "isTemplate": false,
    "count": 0,
    "lang": "en",
    "updated": 0
  },
  {
    "id": "bb72d360-79f8-49de-82f5-5c33c5f188d4",
    "data": [
      {
        "text": "do you have size M in ",
        "userDefined": false
      },
      {
        "text": "blue",
        "meta": "@sys.color",
        "alias": "color",
        "userDefined": false
      },
      {
        "text": "?",
        "userDefined": false
      }
    ],
    "isTemplate": false,
    "count": 0,
    "lang": "en",
    "updated": 0
  },
  {
    "id": "14c1bde2-ddb7-443c-8cde-a78fb2916d8b",
    "data": [
      {
        "text": "is this product available?",
        "userDefined": false
      }
    ],
    "isTemplate": false,
    "count": 0,
    "lang": "en",
    "updated": 0
  }
]