[
  {
    "id": "8738a2dd-7e14-432d-9d28-b081e9778ca5",
    "data": [
      {
        "text": "do you accept returns?",
        "userDefined": false
      }
    ],
    "isTemplate": false,
    "count": 0,
    "lang": "en",
    "updated": 0
  },
  {
    "id": "51bbb9fc-cd0f-42f1-85f7-e288124846e6",
    "data": [
      {
        "text": "where do i send a return?",
        "userDefined": false
      }
    ],
    "isTemplate": false,
    "count": 0,
    "lang": "en",
    "updated": 0
  },
  {
    "id": "ae29ef0f-d257-4a44-86ab-32b5b3723a80",
    "data": [
      {
        "text": "can i get a refund?",
        "userDefined": false
      }
    ],
    "isTemplate": false,
    "count": 0,
    "lang": "en",
    "updated": 0
  },
  {
    "id": "611eaf99-5a7a-4873-969f-cc7780ab0be2",
    "data": [
      {
        "text": "returns policy",
        "userDefined": false
      }
    ],
    "isTemplate": false,
    "count": 0,
    "lang": "en",
    "updated": 0
  },
  {
    "id": "64675803-d14d-4d67-b28b-4775ad4eed12",
    "data": [
      {
        "text": "how long do i have to return?",
        "userDefined": false
      }
    ],
    "isTemplate": false,
    "count": 0,
    "lang": "en",
    "updated": 0
  },
  {
    "id": "088faae6-738b-4d6e-afa7-02c2ab2fbf7a",
    "data": [
      {
        "text": "can i return my order?",
        "userDefined": false
      }
    ],
    "isTemplate": false,
    "count": 0,
    "lang": "en",
    "updated": 0
  },
  {
    "id": "60fa4fc0-a7e5-435c-b344-1273448f6805",
    "data": [
      {
        "text": "how do i return an item?",
        "userDefined": false
      }
    ],
    "isTemplate": false,
    "count": 0,
    "lang": "en",
    "updated": 0
  },
  {
    "id": "084c7248-136e-4f54-a453-4ab91ffe1fc5",
    "data": [
      {
        "text": "what is your return policy?",
        "userDefined": false
      }
    ],
    "isTemplate": false,
    "count": 0,
    "lang": "en",
    "updated": 0
  }
]