[
  {
    "id": "ca200e17-03ac-4eff-b0e0-e7e2f8982677",
    "data": [
      {
        "text": "do you ship internationally?",
        "userDefined": false
      }
    ],
    "isTemplate": false,
    "count": 0,
    "lang": "en",
    "updated": 0
  },
  {
    "id": "aade4ef0-3452-4c50-81ee-797c125c8f05",
    "data": [
      {
        "text": "do you deliver to my area?",
        "userDefined": false
      }
    ],
    "isTemplate": false,
    "count": 0,
    "lang": "en",
    "updated": 0
  },
  {
    "id": "706fb369-5c08-4553-9b7e-9921c4e1b225",
    "data": [
      {
        "text": "how much is delivery?",
        "userDefined": false
      }
    ],
    "isTemplate": false,
    "count": 0,
    "lang": "en",
    "updated": 0
  },
  {
    "id": "835d13c4-b969-4634-933c-9799e91caae6",
    "data": [
      {
        "text": "shipping charges?",
        "userDefined": false
      }
    ],
    "isTemplate": false,
    "count": 0,
    "lang": "en",
    "updated": 0
  },
  {
    "id": "13a1a61c-97dd-4323-b43a-619c5f85d7f5",
    "data": [
      {
        "text": "shipping time",
        "userDefined": false
      }
    ],
    "isTemplate": false,
    "count": 0,
    "lang": "en",
    "updated": 0
  },
  {
    "id": "aadb91b3-5969-4c84-ac13-f03c4f008436",
    "data": [
      {
        "text": "how long does shipping take?",
        "userDefined": false
      }
    ],
    "isTemplate": false,
    "count": 0,
    "lang": "en",
    "updated": 0
  }
]